Entity,Code,Year,Annual CO₂ emissions (per capita)
Africa,,1970,0.8285733
Africa,,1990,1.0201536
Africa,,2010,1.1359096
Africa,,2024,0.9925683
Asia,,1970,1.2620577
Asia,,1990,2.051197
Asia,,2010,3.9013112
Asia,,2024,4.867817
