Entity,Code,Year,Annual CO₂ emissions (per capita)
Asia,,1910,0.11077153
Asia,,1930,0.22206455
Asia,,1950,0.29264084
Asia,,1970,1.2620577
Asia,,1990,2.051197
Asia,,2000,2.490367
Asia,,2010,3.9013112
Asia,,2020,4.4149313
Asia,,2024,4.867817
